fips,state,county,years_lost_rate,sroh_fairpoor,phys_days,ment_days,lbw_pct,smoker_pct,obese_pct,food_env,inactive_pct,exer_access,exc_drink,alc_drive,sti_rate,teen_births,uninsured,pcp_ratio,prev_hosp,hsgrads,unemployed,poor_kids,income_ratio,associations,pm2.5,h2oviol,sev_housing,drive_alone,age_adj_mortality,dm_prev,freq_phys_distress,freq_mental_distress,food_insecure,insuff_sleep,median_income,population,age65plus,african_am,hispanic,white,female,rural
39001,Ohio,Adams,11037,25.5,5.41,6.1,9.3,30.2,40,6,36.3,22.8,16.9,40.7,241.9,38.3,9.6,2308,5753,82.5,9.2,28.7,5.2,7.2,8.6,No,16.5,80.6,567.7,12.5,17.4,20.5,19,43.7,42342,27531,18.7,0.5,1.1,96.1,50.4,89
39003,Ohio,Allen,8518,20.1,4.53,5.35,9.7,22.8,39.3,7.9,34,73.5,17.3,37.5,638,27.3,7.6,1462,5078,90.6,8.5,17.9,4.3,16.4,8.1,No,12.6,84.9,432.8,11.7,13.9,17.4,13.3,41.9,52558,101980,18.5,12.4,3.5,80.1,49.5,25.9
39005,Ohio,Ashland,7769,19.9,4.49,5.44,6,23.6,34.1,8,30.8,54,19.5,35.9,205.7,16.9,10.7,2325,4681,90.1,6.5,15.6,3.7,18.7,8.9,No,12.2,82.3,378.3,10.1,14.1,17.9,13.6,39,55699,53362,19.7,0.8,1.6,95.3,50.9,61.9
39007,Ohio,Ashtabula,9749,24.7,5.07,5.73,8,27,43,6.7,35.2,63.3,18.2,32.5,379.5,28.2,9.8,3353,5467,86.1,8.3,23.6,4.6,12.5,8.8,Yes,15.3,84.4,477.2,12.1,16.5,19.6,16.3,43.2,51252,96513,20.2,3.3,4.6,89.1,49.7,46.4
39009,Ohio,Athens,7619,22.4,5.02,5.71,8.3,25,34.3,6,31.6,72,19.8,20.5,805.2,7.3,9.1,1420,3469,90.4,7.3,21,6.2,8.3,6.9,Yes,21.6,71.4,392.5,11.8,15.9,19.3,18.9,40.8,42215,65481,14.2,2.8,1.9,89.8,50.3,43.2
39011,Ohio,Auglaize,6498,17.3,4.16,5.2,6.7,21.6,39.2,8.6,27.8,72.3,20.6,4.2,251.9,20.3,5.9,2686,4106,93.1,6.9,7,3.7,15.1,9.6,No,9.7,86.8,343.2,9.4,12.6,16.5,10.3,37.7,69468,45680,19.2,0.6,1.9,95.6,50.2,39.1
39013,Ohio,Belmont,8782,20.5,4.48,5.38,8.4,25.8,36.6,7.4,33.8,39.4,18.1,33.3,279.1,25.2,7.5,2792,6603,91,10.1,18.2,4.2,14.2,7.8,No,8.3,88.9,438.1,10.3,14.2,17.9,13.9,40.3,50626,65932,21.8,4,1.1,92.5,49.1,54.7
39015,Ohio,Brown,10510,21.2,4.68,5.6,7.7,24.4,37,7.6,32.4,38.2,17.1,18.2,262.5,29.6,8.2,4343,5012,87.8,8.2,17.6,5,6.4,9.2,No,12.2,80.3,508,10.9,15,18.7,15.1,39.5,58067,43414,19,0.9,1.2,96.1,50.4,76.6
39017,Ohio,Butler,9053,18.7,4.16,5.05,7.8,21.8,34.4,7.6,27.6,80.8,19.2,30.2,398.8,16.4,7.7,1824,4730,91.6,7.2,11.9,4.4,8.1,10.9,No,13.1,83.4,424.6,10.5,13.3,16.4,11.8,37.4,69049,385648,15.5,9,5.1,79.1,51,9.3
39019,Ohio,Carroll,8066,19.8,4.54,5.5,8.3,24.2,37.1,8.1,30.2,17.1,19.3,42.9,137.5,21.9,8.4,4486,3838,88.9,8.8,16.4,3.7,14.1,8.8,No,8.7,79.5,397.8,10.3,14.3,18.1,13.3,41.8,52065,26897,22.4,0.6,1.4,96.1,49.6,71
39021,Ohio,Champaign,8135,19.2,4.39,5.37,7.3,23.5,38.3,8.3,29.3,50.8,19.1,27.3,298.3,24,6.8,4861,5109,91.2,7.1,13.2,3.3,11.8,9.5,No,8.7,80.9,402,10.4,13.8,17.7,12.3,39,64142,38960,18.9,2.1,1.6,93.2,50.1,70.8
39023,Ohio,Clark,11537,21.8,4.68,5.51,9.2,24.9,40.8,7.2,30.8,80.2,18.6,27.3,602.6,32.1,8.5,2273,5100,88.9,8.1,20.5,4.2,10.4,10.4,No,12.9,81.3,543,11.5,15,18.8,14.5,42.7,54507,133593,20.2,8.7,3.7,83.6,51.4,23.6
39025,Ohio,Clermont,8233,17.7,4.09,5.1,7.3,23.1,36.1,7.6,28.5,66.6,19.6,32.1,287.8,19.4,7,1507,4486,89.8,6.9,10.9,4.2,7.2,10,No,11.7,83.5,392.3,9.6,12.7,16.7,11.5,36.7,72740,207449,17.6,1.7,2.2,92.9,50.7,22.7
39027,Ohio,Clinton,10814,20.7,4.68,5.57,7.6,25.6,39.5,6.6,32.5,40.1,19,20.6,305,28.5,7.1,1554,4683,90.1,8.3,15.2,4.3,9.8,9.2,No,12,83.7,500.8,10.9,15,18.5,15.4,41.1,53891,41921,18,2.1,1.9,93,50.6,54.6
39029,Ohio,Columbiana,9132,20.9,4.68,5.53,7.5,25.4,37.8,7.4,33,63.4,19.5,48.4,239.5,26.9,8.1,2754,5279,89.2,9.4,19.2,4.2,15.6,9.2,Yes,11.8,84.2,456.7,11.1,14.7,18.4,14.5,39,49342,101118,21.6,2.3,2,93.5,49.4,43.9
39031,Ohio,Coshocton,9800,22.3,4.94,5.78,7,27.3,38.5,7.7,33.5,50.9,19.3,50,303.3,27.2,10.6,3050,4361,85.6,8.9,21.7,4.3,11.2,8.8,No,11.7,75.5,459.8,11.2,15.9,19.3,14.8,39.5,47794,36449,20.2,1.1,1.2,95.5,50.4,61.5
39033,Ohio,Crawford,9442,21.4,4.79,5.65,8.1,26.1,39,6.5,30.6,64,18.9,29.4,363.9,34.6,7.7,2964,4071,90.4,9.4,18,4,18.6,9,No,11.8,86.3,486.8,11,15,18.9,15.1,42,45952,41338,21.6,1.1,1.8,95,51,35.3
39035,Ohio,Cuyahoga,9175,20,4.34,5.04,10.7,21.5,36.7,7.8,28.5,93.7,18.1,40.5,951.4,22.2,7.3,870,5050,90.5,10.4,19.9,5.5,9.1,11.1,No,16.8,77.3,431.2,11.1,13.4,16.7,13.9,44.9,55128,1227883,19.1,29.7,6.5,58.2,52.3,0.6
39037,Ohio,Darke,8545,20.1,4.5,5.45,5.3,24.1,37.2,8.1,31,43.8,18.9,35.1,234.8,24.3,8.2,2130,3019,90.4,6.7,12.5,3.9,16.8,9.7,No,9.6,83.4,411.7,10.6,14.1,18,12.3,40.4,57932,51205,20.3,0.7,1.7,95.6,50.3,66.3
39039,Ohio,Defiance,7579,19.3,4.26,5.11,6.9,21.4,39,8.1,30.2,66.2,19.5,33.3,351.8,21.4,6.8,2005,5468,92,8.2,12.5,3.7,15.2,9,Yes,8.7,86.1,368.2,10.6,13.2,16.5,11,39.9,61816,37778,19.7,1.7,10.6,85.7,50.2,43.9
39041,Ohio,Delaware,4212,12.7,3.2,4.26,6.2,15,30.4,8.9,20.9,89.8,19.2,25.9,226.6,4.9,4.5,688,2459,96.8,5.3,3.3,3.9,8.4,9.7,No,9.1,80.7,215.2,8.2,9.6,13,7.6,36.4,114423,213554,14.7,4,2.9,82.8,50.3,19.3
39043,Ohio,Erie,9152,19.8,4.28,5.18,8.2,23,40.4,7.6,28.8,81.9,18.7,27.7,525.1,22.1,7.5,1238,5404,92.2,10.5,14.5,4.2,12.5,9,No,11.4,85,424.9,10.7,13.4,16.6,13,40.2,66252,73719,23,8.7,4.7,82.6,51.3,26.5
39045,Ohio,Fairfield,7047,18,4.05,5.03,8,20.8,38.4,8.1,28.5,80,17.6,42.5,378.9,15.5,6.8,1751,4226,93.3,6.6,8.2,4.2,10.2,9.5,No,12.4,82.5,353.6,10.1,12.5,16.5,11,40.4,74987,159709,16.5,8.9,2.5,84,50.4,34.7
39047,Ohio,Fayette,11052,22.9,4.85,5.67,7.3,27.1,41.6,7.4,34.7,50.3,17.3,28.6,234.9,36.3,8.5,3169,3860,83.9,7.4,19.7,4.6,10.2,8.9,No,12.2,87.9,545.1,11.3,15.5,19.1,15.7,42.1,50125,28579,18.5,2.3,2.4,91.9,51,47.8
39049,Ohio,Franklin,8681,18.1,4.1,4.87,9.1,20.3,35.9,7.7,28,91.4,19.7,32.3,782.4,20.9,8.9,963,3558,91.1,7.4,20.3,4.4,9.4,9.3,No,15.6,78.9,414.3,11.1,12.7,15.2,12.8,40.6,62643,1324624,12.7,23.4,6,61.4,51.2,1.4
39051,Ohio,Fulton,7543,19.1,4.21,5.11,6.7,21.1,37.5,8.2,30.1,46.1,19.1,20.9,249.3,18.6,7.4,3009,1675,92.7,7.9,10.4,3.5,14.5,9.1,Yes,10.2,86.7,371.7,10.3,13.1,16.6,10.4,39.3,60550,41889,19.1,0.6,9.1,88.5,50.4,56.2
39053,Ohio,Gallia,13207,22.9,4.93,5.74,9.8,26.5,41.5,6.7,34.5,43.9,17.8,42.9,227.4,30.4,9.6,1107,5654,86.1,8,21.8,4.3,13.4,8.5,No,15.2,87.9,618.1,11.4,15.9,19.1,17.6,42.2,50642,29802,19.5,2.2,1.4,93.2,50.5,81.4
39055,Ohio,Geauga,5244,16,3.8,4.87,6.3,19.1,35.3,8.8,26.2,67.8,22.1,26.2,171.9,6,9.8,1441,3198,90.4,6.7,6.2,4,9.6,9.2,No,12.4,77.5,249.5,8.7,11.7,15.4,8.7,36.9,84510,93271,21.6,1.2,1.7,95.3,50.3,64
39057,Ohio,Greene,6874,16.8,3.89,4.85,7.4,18.6,37,7.9,26.1,76.5,19.7,35.1,457.6,11.7,7,1062,4009,94,6.4,10.3,4.5,9.8,8.6,No,12.3,82.1,343.1,9.6,12.3,15.5,12,38,71673,170122,18,7.1,3.2,83.3,50.6,14.9
39059,Ohio,Guernsey,10201,22.2,4.96,5.77,8.4,26.2,37.6,6.3,32.2,42.3,20.2,35.5,352.4,30.2,8.8,2592,4606,84.8,8.7,23.6,4.3,15.7,8.5,No,14.1,84.3,490.8,11.7,15.5,19.3,17,42,45808,38779,20.4,1.5,1.2,94.5,50.1,61.4
39061,Ohio,Hamilton,9070,18.2,4.15,4.97,9.6,20,33.7,7.6,27.6,93.7,20.9,39.4,871.7,22.6,7.7,897,4144,91.8,7.8,16.5,5.3,10.5,12.2,No,16.3,77.6,423.3,10.8,12.6,16.2,12.8,36.9,63919,817985,16.2,26.2,3.7,64.5,51.7,2.2
39063,Ohio,Hancock,7396,17.5,4.07,5.01,8,21.1,32.2,8.2,26.9,72.5,19,13.8,333.8,18.7,6.4,1943,3455,93.1,6.8,11,4.1,12.4,9.1,No,9.4,83.4,369.9,10,12.6,16,11.5,39.1,61473,75407,18.2,1.8,6,88.2,50.4,31.1
39065,Ohio,Hardin,8693,20.7,4.66,5.55,7.5,24.5,38.5,7.8,31,56,20,26.9,290.1,22,7.8,3137,5465,90.2,8.1,19,4.2,11.8,9.2,No,12,80.1,459.4,11,14.7,18.7,14,41,45312,31469,16.5,1,2.1,94.3,50.2,55.4
39067,Ohio,Harrison,8991,22,4.82,5.71,6,27.8,36.5,7.4,32.8,15.9,19,24.1,212.8,29.4,8.7,3760,5989,87.7,9.2,18.9,4.2,16.6,8.3,No,11.8,83.6,435.7,10.9,15.3,19.1,15.4,41.8,49088,15014,22.5,2,1.3,94.6,50.4,84.1
39069,Ohio,Henry,7651,18.7,4.15,5.08,7,21.6,36.4,8.5,27.2,37.1,19.4,27.8,248.1,15.9,7,2455,2908,93.5,8.1,10.7,3.3,15.6,9,Yes,7.8,85.7,368.5,10.2,12.8,16.4,11.1,38.9,64694,26904,19.5,0.6,7.8,89.9,50.6,69.1
39071,Ohio,Highland,9729,23.4,5.07,5.86,7.6,28.5,41,7.3,34.3,26,17.2,33.3,210.8,31.5,9.8,3320,4788,84.3,8.7,21.9,4.8,12.3,8.9,No,14.1,82.5,470.8,11.5,16.2,19.9,17.1,41.4,57155,43304,19.1,1.4,1.3,94.8,50.9,73
39073,Ohio,Hocking,9500,21.5,4.72,5.62,7,25.9,37.1,7.4,32.6,74.1,18.4,17.4,396.3,28,7.6,1767,4360,88.3,7.4,19.4,4.2,8.8,8.4,No,11.1,82.8,472.1,10.7,14.9,18.6,14.6,42.1,53838,28095,19.9,0.7,1.1,96,50.5,70.8
39075,Ohio,Holmes,5306,24.9,5.17,6.02,4.3,28.9,35.8,8.6,33.5,26.5,18.6,4.3,56.9,11,23.6,3996,1312,56.1,3.9,12.1,3.7,11.4,9,No,14,50.5,309.6,10.8,16.5,20.2,10.4,41.1,67967,44004,14.4,0.3,1,97.6,49.9,93
39077,Ohio,Huron,8998,21.3,4.7,5.49,6.9,24,36.4,7.6,31.6,61.9,19.1,32.6,296.9,24.1,8.9,2158,4831,89.2,9.5,14.6,3.7,11.8,8.9,Yes,11.3,85.2,440.4,11,14.6,18.3,14,40.4,62143,57979,18.1,1.1,6.9,89.8,50.4,50.3
39079,Ohio,Jackson,12236,24.3,5.09,5.88,8.4,26.4,40.8,7.1,33.9,44.8,16.9,32.4,169.7,41.5,8.4,2493,3222,86.4,8.7,21.7,4.4,11.4,8.3,No,14,84.8,632.9,11.8,16.5,20.2,17.8,43.1,49636,32493,17.9,0.7,1.2,95.7,50.8,64.6
39081,Ohio,Jefferson,11003,21.6,4.75,5.62,8.2,26.4,38.1,6.6,33.9,59.4,19.9,33.3,335.2,22.9,7.9,2513,5555,91.5,10.1,20.8,4.9,18.8,8.9,Yes,11.5,82.2,515.3,11,15.1,19,16.4,40.9,49642,64939,22.4,5.4,1.7,89.8,51.3,39
39083,Ohio,Knox,7044,18.3,4.35,5.34,6.9,21.7,36.8,7.7,28.4,56.3,18.4,45,247.1,18.3,8.8,2833,4919,91.7,6.2,14.9,3.5,13.2,9,No,12.6,80,364.3,10.3,13.3,17.3,13.2,38.6,68050,62423,18.9,0.9,1.7,95.1,51,55.7
39085,Ohio,Lake,7248,16.8,3.96,4.95,7.2,20.5,34.4,8,26.2,85.8,19.5,58.2,306.3,12.2,7.4,2256,4185,92.6,8.4,10.5,3.8,8.6,7,No,10.3,84.4,357.4,9.6,12.1,16.1,10.8,38.4,69853,229569,21.1,4.7,4.8,87.1,51.2,6.5
39087,Ohio,Lawrence,11853,23.5,4.91,5.75,9.5,27.2,39.8,7,35.3,39.1,17.1,12.5,294.3,33.9,7.8,2379,6545,87.7,8.5,28.6,4.6,8.7,6.4,No,12.9,87.8,603.5,12.2,16,20.1,17.6,43.8,47299,59091,19.6,2.1,1,94.6,51.3,45.9
39089,Ohio,Licking,7547,18.3,4.2,5.17,7.7,21.8,34.8,7.6,29.5,68.3,18.9,31,400.9,18.2,7.2,2358,4427,92.5,6.5,12.4,4.3,10,9.6,No,11.3,81.9,379.9,10.5,13.2,16.7,12.4,39.7,68982,178100,17.2,4.1,2.2,88.3,50.8,35.5
39091,Ohio,Logan,8595,19.4,4.44,5.4,7,24.1,37.7,8.2,31.4,56.9,19.6,31,300,29.9,7.3,2175,4138,92.5,8.3,14,3.9,12.5,9.3,No,12,84.2,421.2,10.1,13.8,17.6,12.2,42.1,61797,45326,19.2,1.8,2,92.8,50.4,56.9
39093,Ohio,Lorain,8020,19.9,4.28,5.07,8.4,21.6,39,7.8,30.9,85,18.7,41.1,524.5,20.8,7.6,1855,5085,90,9.9,16.1,4.6,9.6,8.2,No,12.9,83,385.3,11.3,13.4,16.5,12.4,39.3,59954,312172,19.4,7.7,10.5,77.5,50.7,11.7
39095,Ohio,Lucas,10804,21.7,4.58,5.28,9.8,23.5,37.3,7.2,31.6,91.9,18.5,37.6,804.3,27.9,8.1,1079,5108,89.7,10.4,26.6,5.2,9.6,8.9,No,14.9,83.5,502.4,12.3,14.9,17.9,15.1,41.7,51642,428294,17.2,19.7,7.7,67.7,51.7,4.7
39097,Ohio,Madison,7277,19.6,4.32,5.19,7.3,23.1,38.8,7.8,30.3,45.7,20.6,22.2,223.6,20.4,7.9,2982,3220,87.4,5.9,12.1,3.3,9.2,9.5,No,10.4,84.5,373.6,10.7,13.8,16.9,11.6,40.7,72834,44559,16.3,6,2.6,88,46,48.5
39099,Ohio,Mahoning,10143,21.9,4.55,5.26,10.6,23.5,39.6,6.4,32.7,69.2,18.8,33.3,514.7,24.1,7.8,926,4572,91.1,10.2,22.5,4.8,12.7,8.2,Yes,12.6,83.2,469.9,12.1,15,17.6,14.9,43.5,48937,226075,22.1,15,6.8,75.1,50.9,15.2
39101,Ohio,Marion,10137,22.7,4.83,5.56,8.5,27.8,38.3,6.6,33.9,67.4,18.1,30,430.2,39.1,7.6,3829,6177,89.9,7.6,19.4,4.3,12.6,9.2,No,12.6,82.9,498.7,11.7,15.4,18.6,15.1,42.1,52226,64820,18.6,6.1,3,88,47.3,30.3
39103,Ohio,Medina,5594,15.1,3.69,4.78,6.5,18.3,33.4,8.7,24.9,86.9,20.5,36.4,215.3,8,5.8,1577,3408,94.7,7.6,6.3,3.8,8.7,8,No,9.9,85.6,282.1,8.9,11.3,15.3,9.3,37.5,79504,180912,19.1,1.5,2.5,93.2,50.6,29.8
39105,Ohio,Meigs,12082,23.3,5.11,5.91,9.2,28.2,37.8,5.7,33.8,35.4,18.7,21.4,161.5,27.1,8.8,11454,5820,84,9.6,23.3,5.6,15.7,8.5,No,12.6,85.4,550.9,11.9,16.5,20.1,18.5,41.4,44622,22678,21.2,0.8,0.8,96.6,50.5,81.3
39107,Ohio,Mercer,6512,17.7,4.2,5.21,5.2,21.7,35.3,8.8,28.5,58.6,22.4,23.3,240.5,16.9,7.2,2167,5001,92.2,5.4,7.6,3.4,11.9,9.6,No,9.1,88.8,346.8,9.6,12.8,16.9,9.3,38.8,69588,41274,18.9,0.4,1.9,94.8,49.6,61.4
39109,Ohio,Miami,7497,18.2,4.21,5.21,6.2,22.6,38.3,8.2,27.2,80.8,18.8,26.6,325.3,24,7.5,2019,4178,91.9,7,10.9,3.9,12,9.8,No,9.6,84.4,383.7,10.1,13.1,17.1,11.7,39.5,63699,107516,19.4,2.5,2,91.5,50.7,30.8
39111,Ohio,Monroe,7942,21.8,4.89,5.74,7.3,27.5,36.9,7,32.6,65.8,17.9,33.3,197.7,23.1,9,6827,4663,90.2,10.6,21,4.3,16.1,8,No,12.7,85.9,391,10.8,15.6,19,18.1,41.2,48944,13586,24.4,0.6,0.8,96.8,49.6,97.7
39113,Ohio,Montgomery,11059,20.8,4.44,5.24,9.3,21.8,36.5,7,30.2,90.5,17.8,34.1,639.1,24.9,8.8,1024,4185,90.5,8.6,20.5,4.8,10.6,8.9,Yes,14.4,81.1,516.9,11.9,13.9,17.5,14.3,41.5,54692,531610,18.6,21.4,3.4,69.8,51.9,4.3
39115,Ohio,Morgan,9463,24.5,5.29,6.01,5.9,28.8,41,6.6,34.6,10.9,18,26.3,351.5,27.7,9.3,14508,4918,85.9,9.3,20.3,4.1,11,8.3,No,10.7,83.7,466.1,12,17.1,20.4,17.6,43.1,45698,14305,22.6,2.9,1,91.9,50.3,81.5
39117,Ohio,Morrow,8387,20.2,4.52,5.48,7,24.8,40.3,8.6,32.2,22.1,18.6,34.3,280.2,21,8.6,5888,3988,88.3,7.1,13.2,3.2,6.8,9.1,No,10.6,79,385.7,10.4,14.2,18.2,11.6,39.4,68159,35411,18.5,0.7,1.6,95.6,49.8,88.8
39119,Ohio,Muskingum,10157,21,4.8,5.67,8,26.1,39.4,6.9,30.8,70.3,17.1,24.5,470.9,32.5,7.9,1597,5152,88.7,7.8,20.9,4.6,13,8.8,Yes,13.9,85.1,476.3,10.8,15.2,18.8,15,41.2,52457,86020,18.6,3.7,1.3,91.2,51.4,47
39121,Ohio,Noble,7545,22.4,4.81,5.65,6.3,26.7,39,6.3,33.4,26.1,20.1,38.5,298.1,28,8,7212,3961,83.4,9.6,16,4.1,12.5,8.2,No,10.8,84.4,311.3,11.3,15.2,19,15.8,41.7,52583,14364,28.9,2.7,0.8,94.8,41.4,62.5
39123,Ohio,Ottawa,8082,18.1,4.18,5.1,8.1,21.6,34.7,7.5,30.1,51,20.2,29,180.1,15.7,7.1,2384,3178,92,9.1,10.4,4,13.6,9.3,Yes,9.2,87,373.9,9.7,13,16.4,12.6,39.5,65582,40253,26.6,1,5.3,91.9,50.3,49.4
39125,Ohio,Paulding,6733,19.4,4.36,5.29,7.7,23.2,35.7,7.8,30.4,29.5,18.5,76.9,289.2,27.1,7.9,4668,4896,89.9,7.5,13.9,3.7,13.9,9,No,10.7,88.3,389.4,10.5,13.6,17.2,12.3,40,62062,18648,19.7,0.9,5,92.1,50.3,81.9
39127,Ohio,Perry,8965,22.2,4.9,5.76,7.3,27.5,33.8,7.4,33.3,72.2,19.8,30.8,362.5,29.9,7.8,4015,5000,87.5,8.4,17.2,4.6,8.6,8.7,No,13.2,86.2,452.4,11.1,15.6,19.4,16.7,43.4,56048,36215,17.6,0.5,0.9,96.5,50,75.2
39129,Ohio,Pickaway,9519,19.9,4.42,5.32,7.3,24,39.5,8,29.3,76.2,19.6,39.7,318.2,22.4,7.2,2248,3963,87,6.8,18.3,4.1,8.2,9.2,No,10.8,82.8,478.5,10.3,13.9,17.4,12.9,41.3,64412,58658,16.4,3.6,1.6,92.3,47.7,49.9
39131,Ohio,Pike,13599,25.5,5.25,6,8.9,27.3,38.7,7,36.2,28,16.8,16.7,316.9,47.4,8.6,3472,1564,83.9,9.4,24.5,4.7,7.6,8.5,No,15.2,83.6,652.9,12.7,17.1,20.4,19.1,42.1,46413,27695,18.7,1.1,1.3,94.8,50.5,74.2
39133,Ohio,Portage,7395,17.8,4.19,5.15,7.9,21.7,37.2,7.4,28,74.5,20.6,34.4,432.1,7.9,7.6,2708,3880,92.5,7.3,12.3,4.6,8.4,7.3,No,13.3,81.8,366.3,10.1,12.9,16.9,12.7,40,64250,162583,17.7,4.8,2.1,88.9,51.1,32.8
39135,Ohio,Preble,9066,18.5,4.35,5.38,8.5,23.4,38,8.2,30.2,35.6,20,18.2,251.9,22.7,7.9,6814,3644,90.5,6.7,13,3.7,7.3,9.3,No,9.6,86.9,440.1,10,13.4,17.5,12.2,38.8,60856,40836,20.2,0.7,1.1,95.8,50.4,69.2
39137,Ohio,Putnam,4940,16.5,4.02,5.01,6.4,19.4,36.7,8.6,28.2,35.3,22.6,28.6,194.9,14.4,7,1782,3243,93.9,5.6,6.3,3.4,13.9,9.1,Yes,7.3,86.4,274.8,9.4,12,15.8,9.1,39.3,72299,33654,18.5,0.4,6.7,91.9,50,84.7
39139,Ohio,Richland,9809,20.9,4.64,5.45,7.8,25.3,39.8,6.8,33.1,65,17.9,21.3,534.9,33.3,8.7,2019,4478,87.9,9,18,4.2,14.7,8.9,Yes,11.3,85.2,472.7,11.3,14.7,18,14,40,52295,120891,20.4,9.2,2.1,85.3,49.3,32.1
39141,Ohio,Ross,10442,22.8,4.81,5.59,8.9,27,42.3,7.1,33.1,63.3,18.9,18.3,353.5,33.8,7.5,1704,985,88.9,8,19.3,4.5,10.2,8.8,No,13.1,83.5,517.7,11.7,15.8,19.2,16.1,44.3,49543,76420,17.7,5.5,1.4,89.6,47.9,58.7
39143,Ohio,Sandusky,8709,20.1,4.42,5.23,7.3,21.7,38.3,8.1,28.9,64.8,19.8,27.1,389.6,26.9,7.3,2018,4201,91.5,8.1,13.8,3.8,12.8,9.1,No,10.7,86.6,419.2,11.1,13.9,17.1,12.5,38.5,60455,58351,19.8,3,10.5,83.5,50.4,44.1
39145,Ohio,Scioto,15419,25.3,5.21,5.91,8.1,29.3,39.2,6.7,35.3,68.2,16.9,17.9,341.2,35.4,8.3,1712,5450,85.7,8.7,26.6,5.7,10.4,7.1,No,14.8,88.2,706.3,12.3,17.3,20.8,19.7,45.1,44297,74347,19,2.6,1.5,93,50.7,54.3
39147,Ohio,Seneca,8258,20.5,4.51,5.36,8.8,23.3,38.7,7.5,30,68.5,19.4,33.3,442.2,22.4,7.2,2904,4096,92.1,8.1,13.3,3.6,14.5,9.1,Yes,10.7,82,397.4,10.9,14.2,17.4,13,40,58129,54938,19.1,2.3,5.5,89,50,47.5
39149,Ohio,Shelby,8650,18.8,4.32,5.31,6.2,22.7,34,8.2,28.1,63.1,20.1,34,372.5,25,6.7,2314,3540,89.6,7.7,12,3.7,10.3,9.6,No,9.1,83.5,424.3,9.9,13.4,17.4,11.4,40,67582,48337,17.6,2.2,1.6,92.4,49.9,51.1
39151,Ohio,Stark,8500,19.6,4.38,5.32,8.5,22.9,36.1,7.4,28,67.8,19.3,33.9,481.4,23.1,7.7,1256,3710,92.1,8.1,18.2,4.4,12.3,10,Yes,11.4,83.8,418.6,10.3,13.7,17.2,13.4,40.1,57364,369772,20.4,7.9,2.3,85.9,51.4,13.5
39153,Ohio,Summit,8515,18.8,4.15,5.04,9.2,21.3,34.4,7.6,27.7,89.4,17.9,39.5,639.9,19.1,8,1027,4008,92.1,8.2,15.6,4.7,11.1,9.1,No,13.3,83,408.7,10.2,13.2,16.2,12.7,38.6,60715,538866,19,14.9,2.4,75.8,51.6,3.9
39155,Ohio,Trumbull,10497,21.7,4.74,5.57,8.7,26.8,37.1,6.7,32.3,62.7,17.2,33.3,510.7,26.3,8.9,2084,4677,89.4,10.4,29.4,4.5,11.8,7.6,No,12.7,85.8,487.8,11.3,14.9,18.3,15.6,45.4,48929,196800,22.5,8.4,2,86.7,51.3,27.3
39157,Ohio,Tuscarawas,7919,20.7,4.62,5.5,7.1,23.7,38.2,7.9,30,63.6,18,37.1,288.1,30.1,10.3,2628,3916,87.1,7.6,13.6,4.1,17.3,9,No,11.9,83.5,410.9,10.5,14.8,17.9,13.4,40.3,58256,91776,20.3,0.8,3.4,93.7,50.5,41.6
39159,Ohio,Union,5435,15.9,3.74,4.81,6.9,19.1,35.2,8.3,26.2,69,19.6,26.7,367.9,11.4,5.8,1903,2752,94.3,5.8,4.7,3.5,11.2,9.5,No,10.3,81.4,285.5,8.9,11.4,15.3,8.9,37.6,92198,60021,13.2,2.6,2.2,88,51.7,50
39161,Ohio,Van Wert,7536,19.4,4.45,5.37,8.1,23.3,39.2,7.8,29.9,58.1,19.2,19.2,194.5,22.4,7.2,2356,3256,92.2,7,9.9,3.5,16.3,9.3,Yes,10.1,86.7,373.2,10.7,13.9,17.5,12.1,39.5,57863,28159,19.9,1.1,4,93.1,50.7,50.7
39163,Ohio,Vinton,13139,24.7,5.24,5.98,8.4,28.6,39.3,7.2,39.1,30.5,18.3,26.7,214,28.3,10.2,6543,2805,78.9,9.1,24.6,4.4,3.8,8.2,No,14.9,83.5,597.1,12.5,17.3,20.8,17.5,42.6,49778,12972,18.8,0.6,1,96.2,50,100
39165,Ohio,Warren,5717,14.7,3.47,4.51,6.9,17,31.4,8.6,22.6,83.1,19.9,24.7,209.7,8.9,5.3,1066,3791,94.1,6.4,5.6,3.8,8.5,10.4,No,9.2,82.4,290.7,8.7,10.7,14.2,8.5,36.4,90600,238412,15.3,3.5,3.1,84.7,49.7,17.3
39167,Ohio,Washington,8598,20.1,4.53,5.46,7,23.5,38.6,7.4,31.3,55,19.5,32.4,267.1,21.8,7.7,1302,5573,90.6,8.6,19.8,4.4,12.9,8.7,No,11,82.3,418.9,10.8,14.4,18,15.5,41.5,53450,59652,22.1,1.3,1.2,94.8,50.8,56.6
39169,Ohio,Wayne,7668,20,4.42,5.36,6.1,22.9,38.4,8,29.9,58.3,20.1,28.8,253.2,12.9,12,1995,3266,86.8,5.9,11.6,3.8,13.8,9.3,Yes,13.1,78.7,377.9,10.2,13.7,17.7,12,38.6,67708,115694,18.7,1.5,2.1,93.6,50.3,51
39171,Ohio,Williams,8117,19.7,4.38,5.29,5.6,23.9,37.5,7.5,30.3,51.1,20.5,25.8,272.5,25.3,7.8,2158,3472,91.4,7.8,15.2,3.4,18,8.9,Yes,9.6,87.3,392.7,10.7,13.8,17.3,11.9,39.9,52458,36565,20,1.2,5,91.9,50.3,63.6
39173,Ohio,Wood,5989,17.1,4.08,4.99,6.9,19.5,39.2,7.8,27.6,61.2,19,27.6,341.7,9.1,6.2,1422,3901,94.9,7.1,8.9,4.6,11.6,9.5,Yes,13.2,83.4,333,10.5,12.7,16.1,11.5,37.2,67865,131113,16.1,2.6,6,87.5,50.6,29.5
39175,Ohio,Wyandot,8514,19.6,4.41,5.34,7.4,24.3,40.7,8.6,30.3,41.8,18.7,17.6,303.1,19.1,6.9,4354,3798,92.7,7,9.2,3.9,19.3,9.1,No,8.5,85.4,389.4,10.6,13.8,17.4,10.8,39.2,63516,21711,20.4,0.4,3.3,94.5,50.5,57.4
